Game,Year Released,Discount
Auto Island,"29 Nov, 2020",-10%
Stars Survivor,"29 Nov, 2020",
ArcLand,"29 Nov, 2020",
Ninja Hanrei - Extra Coins,"29 Nov, 2020",-40%
Ninja Hanrei,"29 Nov, 2020",
Routine Racers,"29 Nov, 2020",-40%
Cyberpunk SFX,"29 Nov, 2020",-15%
Christmas Rampage,"28 Nov, 2020",
HINGE: Episode 1,"28 Nov, 2020",-25%
SIDE,"28 Nov, 2020",
ZCREW,"27 Nov, 2020",
The Tower Of TigerQiuQiu Ninja Eta,"27 Nov, 2020",-26%
*NEW* SCUFFED EPIC BHOP SIMULATOR 2023 (POG CHAMP),"27 Nov, 2020",
Eugene's Dream: The Daily Ins And Outs Of A Sane Robot In An Insane World,"27 Nov, 2020",-10%
Become a Gladiator VR : 1v1 PVP,"27 Nov, 2020",
"A Monster, The Mauler","27 Nov, 2020",
DreamWatcher,"27 Nov, 2020",
Dragon Ninja Clan Sword Of Destiny Game,"27 Nov, 2020",
Vitality,Q4 2020,
Broll,"27 Nov, 2020",-20%
Tainted Grail: Conquest,"18 Jun, 2020",
StoneTide: Age of Pirates,"27 Nov, 2020",
AlienDuel Elements,"27 Nov, 2020",-20%
Heidelberg 1693,"27 Nov, 2020",
Push Your Family Demo,"27 Nov, 2020",
TowerMancer Demo,"27 Nov, 2020",
Teknedia,Fall 2020,
Cube Worlds Survival: Cheats Pack,"27 Nov, 2020",-40%
Demon Turf: Trials,"27 Nov, 2020",
Monolith,"27 Nov, 2020",
World of Warships â€” Black Scharnhorst,"27 Nov, 2020",-30%
Kilemol,"27 Nov, 2020",-12%
Overflo Game,Coming Fall 2020,
Torqued Up Legends,Coming Soon,
The Wizard Game,"27 Nov, 2020",-40%
The Unreal Story - Outbreak DLC 2,"26 Nov, 2020",
CrunchTime Demo,"26 Nov, 2020",
Down In The Dark,Q4 2020,
LAST LAND,"26 Nov, 2020",
Black Blade,"26 Nov, 2020",
The Tower Of TigerQiuQiu Ninja Delta,"26 Nov, 2020",-26%
The Tower Of TigerQiuQiu Ninja Epsilon,"26 Nov, 2020",-26%
The Tower Of TigerQiuQiu Ninja Zeta,"26 Nov, 2020",-26%
KAKU: Ancient Seal (Alpha),"26 Nov, 2020",
BRAVE PINBALL,"26 Nov, 2020",-40%
The Dark World: Edge of Eternity,TBD,
ONNANOKO KEEPER,"26 Nov, 2020",
Feeling Square?,"26 Nov, 2020",
Castle of the Land,"26 Nov, 2020",
Troy: The Malware Fight,"26 Nov, 2020",-20%
